ID,CITY,COUNTRY ID,COUNTRY
2764,"Toowoomba, QLD",14,Australia
2758,"East Toowoomba, QLD",14,Australia
2739,"South Toowoomba, QLD",14,Australia
313,Canberra ACT,14,Australia
314,TAS,14,Australia
1304,"Darwin International Airport, NT",14,Australia
1323,"Darwin, NT",14,Australia
1297,"The Gardens, Darwin, NT",14,Australia
259,"Melbourne, VIC",14,Australia
577,"Melbourne, FL",216,United States
4208,"Melbourne, AR",216,United States
1543,"Mornington Peninsula, VIC",14,Australia
9495,"Bolivar Peninsula, TX",216,United States
3499,"Northern Bruce Peninsula, ON",37,Canada
1580,"Bendigo, VIC",14,Australia
1622,"Ballarat North, VIC",14,Australia
1602,"Ballarat East, VIC",14,Australia
1631,"Ballarat, VIC",14,Australia
260,"Sydney, NSW",14,Australia
3171,"Sydney, Atlantic Provinces, NS",37,Canada
3169,"North Sydney, NS",37,Canada
2171,"Wollongong, NSW",14,Australia
2208,"North Wollongong, NSW",14,Australia
296,"Perth, WA",14,Australia
3730,"Perth, Scotland",215,United Kingdom
3513,"Perth East, ON",37,Canada
3325,"Perth, ON",37,Canada
3800,"Perth Amboy, NJ",216,United States
3158,"Perth-Andover, NB",37,Canada
3470,"North Perth, ON",37,Canada
3505,"West Perth, ON",37,Canada
11205,"City of Mandurah, WA",14,Australia
280,"New York City, NY",216,United States
63,Metro Manila,162,Philippines
1213,"Salt Lake City, UT",216,United States
1051,OK City,216,United States
856,"Kansas City, MO",216,United States
11171,"KS City, KS",216,United States
3603,"Victoria, BC",37,Canada
652,Cedar Rapids/IA City,216,United States
562,"Panama City, FL",216,United States
11206,"City of Rockingham, WA",14,Australia
7175,"Rockingham, NC",216,United States
280,"New York City, NY",216,United States
63,Metro Manila,162,Philippines
1213,"Salt Lake City, UT",216,United States
1051,OK City,216,United States
856,"Kansas City, MO",216,United States
11171,"KS City, KS",216,United States
3603,"Victoria, BC",37,Canada
652,Cedar Rapids/IA City,216,United States
297,"Adelaide, SA",14,Australia
1311,"Adelaide River, NT",14,Australia
298,"Brisbane, QLD",14,Australia
2447,"Townsville, QLD",14,Australia
2463,"Cairns North, QLD",14,Australia
2435,"Cairns City, QLD",14,Australia
2451,"Cairns, QLD",14,Australia
66,Brasília,30,Brasil
73,Rio de Janeiro,30,Brasil
9517,"Rio Vista, TX",216,United States
8011,"Rio Dell, CA",216,United States
9202,"Rio Grande City, TX",216,United States
8906,"Rio Grande, NJ",216,United States
8071,"Rio Grande, OH",216,United States
10808,"Rio Vista, CA",216,United States
10875,"Rio Nido, CA",216,United States
9431,"Del Rio, TX",216,United States
10871,"Monte Rio, CA",216,United States
80,Salvador,30,Brasil
81,Porto Alegre,30,Brasil
311,Porto,164,Portugal
67,São Paulo,30,Brasil
89,"Toronto, ON",37,Canada
2262,"Toronto, NSW",14,Australia
8058,"Toronto, OH",216,United States
5658,"Toronto, KS",216,United States
295,"Ottawa, ON",37,Canada
6297,"Ottawa Lake, MI",216,United States
5131,"Ottawa, IL",216,United States
5603,"Ottawa, KS",216,United States
358,"Windsor, ON",37,Canada
3116,"Windsor, Atlantic Provinces, NS",37,Canada
5227,"Windsor, IL",216,United States
10882,"Windsor, CA",216,United States
7168,"Windsor, NC",216,United States
6159,"Windsor, ME",216,United States
9825,"Windsor, VT",216,United States
3933,"East Windsor, NJ",216,United States
10973,"View Park - Windsor Hills, CA",216,United States
3230,"Barrie, ON",37,Canada
2975,"Barriere, BC",37,Canada
4180,"Kinston, AL",216,United States
3280,"Peterborough, ON",37,Canada
1792,"Peterborough, SA",14,Australia
1680,"Peterborough, VIC",14,Australia
3344,"Greater Sudbury, ON",37,Canada
3339,"Sudbury, ON",37,Canada
82,Greater Lisbon,164,Portugal
3316,"Greater Napanee, ON",37,Canada
3353,"Thunder Bay, ON",37,Canada
604,"Tampa Bay, FL",216,United States
487,"Monterey Bay, CA",216,United States
1273,"Green Bay, WI",216,United States
433,"Mobile Bay, AL",216,United States
2545,"Runaway Bay, QLD",14,Australia
7758,"Alexandria Bay, NY",216,United States
9888,"Clallam Bay, WA",216,United States
10856,"Bodega Bay, CA",216,United States
9165,"Bay City, TX",216,United States
3389,"Cambridge, ON",37,Canada
89,"Toronto, ON",37,Canada
295,"Ottawa, ON",37,Canada
3454,"London, ON",37,Canada
3477,"Hamilton, ON",37,Canada
3398,"Mono, ON",37,Canada
3531,"Middlesex Centre, ON",37,Canada
3232,"Midland, ON",37,Canada
3528,"Mildmay, ON",37,Canada
3247,"Minden Hills, ON",37,Canada
3401,"Niagara Falls, ON",37,Canada
10193,"Niagara, WI",216,United States
9805,"Bellows Falls, VT",216,United States
10335,"Black River Falls, WI",216,United States
3212,"Burk's Falls, ON",37,Canada
1415,"Falls Creek, VIC",14,Australia
3281,"Smiths Falls, ON",37,Canada
2984,"Okanagan Falls, BC",37,Canada
3371,"Kakabeka Falls, ON",37,Canada
3276,"Fenelon Falls, ON",37,Canada
3403,"Stratford, ON",37,Canada
89,"Toronto, ON",37,Canada
2438,"Stratford, QLD",14,Australia
1337,"Stratford, VIC",14,Australia
10330,"Stratford, WI",216,United States
9556,"Stratford, TX",216,United States
8275,"Stratford, OK",216,United States
295,"Ottawa, ON",37,Canada
3454,"London, ON",37,Canada
3477,"Hamilton, ON",37,Canada
3428,"Kitchener, ON",37,Canada
3454,"London, ON",37,Canada
89,"Toronto, ON",37,Canada
295,"Ottawa, ON",37,Canada
3477,"Hamilton, ON",37,Canada
3398,"Mono, ON",37,Canada
3531,"Middlesex Centre, ON",37,Canada
3232,"Midland, ON",37,Canada
3528,"Mildmay, ON",37,Canada
3247,"Minden Hills, ON",37,Canada
3364,"Mindemoya, ON",37,Canada
3459,"Waterloo, ON",37,Canada
89,"Toronto, ON",37,Canada
295,"Ottawa, ON",37,Canada
3454,"London, ON",37,Canada
3477,"Hamilton, ON",37,Canada
3398,"Mono, ON",37,Canada
3531,"Middlesex Centre, ON",37,Canada
3232,"Midland, ON",37,Canada
3528,"Mildmay, ON",37,Canada
3247,"Minden Hills, ON",37,Canada
3432,"Guelph & Eramosa, ON",37,Canada
3467,"Guelph, ON",37,Canada
3477,"Hamilton, ON",37,Canada
89,"Toronto, ON",37,Canada
295,"Ottawa, ON",37,Canada
3454,"London, ON",37,Canada
3398,"Mono, ON",37,Canada
3531,"Middlesex Centre, ON",37,Canada
3232,"Midland, ON",37,Canada
3528,"Mildmay, ON",37,Canada
3247,"Minden Hills, ON",37,Canada
3364,"Mindemoya, ON",37,Canada
3481,"St Catharines, ON",37,Canada
844,"St. Louis, MO",216,United States
583,"St Augustine, FL",216,United States
3718,St Andrews,215,United Kingdom
3168,"St Peter's, NS",37,Canada
3541,"St Marys, ON",37,Canada
2794,"St Paul, AB",37,Canada
3407,"St Clair, ON",37,Canada
3193,"St John's, NL",37,Canada
3501,"St Clements, ON",37,Canada
3487,"Brantford, ON",37,Canada
256,"Metro Vancouver, BC",37,Canada
10650,"Vancouver, WA",216,United States
2937,"North Vancouver, BC",37,Canada
63,Metro Manila,162,Philippines
2952,"Whistler, BC",37,Canada
2957,"Chilliwack, BC",37,Canada
2959,"Abbotsford, BC",37,Canada
256,"Metro Vancouver, BC",37,Canada
3603,"Victoria, BC",37,Canada
2961,"Kelowna, BC",37,Canada
3603,"Victoria, BC",37,Canada
2937,"North Vancouver, BC",37,Canada
3610,"Downtown Victoria, BC",37,Canada
2989,"Midway, BC",37,Canada
3619,"Mill Bay, BC",37,Canada
2948,"Mission, BC",37,Canada
2992,"Vernon, BC",37,Canada
4080,"Vernon, AL",216,United States
3794,"Vernon, NJ",216,United States
4562,"Vernon, FL",216,United States
5415,"Vernon, IN",216,United States
9591,"Vernon, TX",216,United States
8351,"Vernonia, OR",216,United States
5399,"North Vernon, IN",216,United States
5777,"Mount Vernon, KY",216,United States
5166,"Mount Vernon, IL",216,United States
2996,"Penticton, BC",37,Canada
3049,"Prince George, BC",37,Canada
11181,"Prince George's County, MD",216,United States
11178,"Prince William County, VA",216,United States
3592,"Prince Albert, SK",37,Canada
3292,"Prince Edward, ON",37,Canada
3167,PEI,37,Canada
3165,"Summerside, PEI",37,Canada
3065,"Prince Rupert, BC",37,Canada
3166,"Charlottetown, PEI",37,Canada
6057,"Prince Frederick, MD",216,United States
3603,"Victoria, BC",37,Canada
3662,"Victoria Beach, MB",37,Canada
3177,"Victoria, Atlantic Provinces, NS",37,Canada
1210,"Victoria, TX",216,United States
9696,"Victoria, VA",216,United States
3572,"Victoriaville, QC",37,Canada
259,"Melbourne, VIC",14,Australia
3603,"Victoria, BC",37,Canada
1634,"Newcomb, VIC",14,Australia
1710,"Newtown, VIC",14,Australia
3612,"Westshore, BC",37,Canada
3614,"Saanich, BC",37,Canada
3606,"Central Saanich, BC",37,Canada
294,"Montreal, QC",37,Canada
3576,"Ste-Foy, QC",37,Canada
3677,"Ste. Anne, MB",37,Canada
3382,"Sault Ste Marie, ON",37,Canada
6846,"Ste Genevieve, MO",216,United States
3582,QC City,37,Canada
294,"Montreal, QC",37,Canada
11059,"Gatineau Region, QC",37,Canada
3563,"Montmagny, QC",37,Canada
3590,"Amqui, QC",37,Canada
3583,"Bromont, QC",37,Canada
3564,"Baie-Comeau, QC",37,Canada
3559,"St-Apollinaire, QC",37,Canada
3585,"Thetford Mines, QC",37,Canada
3578,"Sorel, QC",37,Canada
11059,"Gatineau Region, QC",37,Canada
300,"Calgary, AB",37,Canada
334,"Edmonton, AB",37,Canada
2417,"Edmonton, QLD",14,Australia
5751,"Edmonton, KY",216,United States
2766,"Grande Prairie, AB",37,Canada
6564,"Blooming Prairie, MN",216,United States
10616,"Brush Prairie, WA",216,United States
3670,"Portage la Prairie, MB",37,Canada
2769,"High Prairie, AB",37,Canada
10231,"Pleasant Prairie, WI",216,United States
10139,"Prairie Du Chien, WI",216,United States
8315,"Prairie City, OR",216,United States
10120,"Prairie Farm, WI",216,United States
5252,"Prairie Du Rocher, IL",216,United States
2803,"Red Deer County, AB",37,Canada
2814,"Red Deer, AB",37,Canada
6441,"Deer River, MN",216,United States
6176,"Deer Isle, ME",216,United States
9521,"White Deer, TX",216,United States
3856,"Red Bank, NJ",216,United States
4181,"Red Bay, AL",216,United States
8986,"Red Boiling Springs, TN",216,United States
7393,"Red Cloud, NE",216,United States
5121,"Red Bud, IL",216,United States
2866,"Banff, AB",37,Canada
2876,"Medicine Hat, AB",37,Canada
2891,"Lethbridge, AB",37,Canada
2905,"Airdrie, AB",37,Canada
346,"Winnipeg, MB",37,Canada
3674,"Winnipeg Beach, MB",37,Canada
9811,"Brandon, VT",216,United States
3679,"Brandon, MB",37,Canada
367,"Saskatoon, SK",37,Canada
370,"Regina, SK",37,Canada
3099,"Halifax, NS",37,Canada
3119,"Airport: Halifax-Stanfield, NS",37,Canada
3146,"Fredericton, NB",37,Canada
3150,"Moncton, NB",37,Canada
3193,"St John's, NL",37,Canada
4383,"St Johns, AZ",216,United States
9840,"St Johnsbury, VT",216,United States
3069,"Fort St John, BC",37,Canada
5583,"St John, KS",216,United States
5502,"St John, IN",216,United States
844,"St. Louis, MO",216,United States
583,"St Augustine, FL",216,United States
3718,St Andrews,215,United Kingdom
3168,"St Peter's, NS",37,Canada
83,Santiago,42,Chile
84,Prague,54,Czech Republic
7409,"Prague, NE",216,United States
8294,"Prague, OK",216,United States
93,Brno,54,Czech Republic
174,Beroun,54,Czech Republic
179,České Budějovice,54,Czech Republic
185,Frýdek-Místek,54,Czech Republic
186,Havířov,54,Czech Republic
188,Hradec Králové,54,Czech Republic
191,Karlovy Vary,54,Czech Republic
192,Kladno,54,Czech Republic
193,Kolín,54,Czech Republic
197,Liberec,54,Czech Republic
198,Litoměřice,54,Czech Republic
199,Mělník,54,Czech Republic
200,Mladá Boleslav,54,Czech Republic
204,Nový Jičín,54,Czech Republic
205,Olomouc,54,Czech Republic
206,Ostrava,54,Czech Republic
207,Pardubice,54,Czech Republic
208,Plzeň,54,Czech Republic
209,Poděbrady,54,Czech Republic
212,Teplice,54,Czech Republic
213,Třinec,54,Czech Republic
215,Ústí nad Labem,54,Czech Republic
1,Delhi NCR,1,India
3515,"Delhi, ON",37,Canada
7987,"Delhi, CA",216,United States
4968,"Delhi, IA",216,United States
7791,"Delhi, NY",216,United States
5888,"Delhi, LA",216,United States
3,Mumbai,1,India
4,Bangalore,1,India
6,Hyderabad,1,India
2702,"Hydeaway Bay, QLD",14,Australia
7,Chennai,1,India
8390,"Madras, OR",216,United States
5,Pune,1,India
2,Kolkata,1,India
8,Lucknow,1,India
1334,"Lucknow, VIC",14,Australia
2354,"Lucknow, NSW",14,Australia
11,Ahmedabad,1,India
14,Indore,1,India
12,Chandigarh,1,India
9,Kochi,1,India
10,Jaipur,1,India
30,Coimbatore,1,India
14,Indore,1,India
16,Nashik,1,India
26,Bhopal,1,India
35,Dehradun,1,India
2618,"Doonan, QLD",14,Australia
1457,"Bonnie Doon, VIC",14,Australia
39,Varanasi,1,India
32,Vadodara,1,India
27,Ranchi,1,India
13,Goa,1,India
33,Nagpur,1,India
38,Surat,1,India
36,Mysore,1,India
40,Patna,1,India
21,Guwahati,1,India
34,Agra,1,India
37,Puducherry,1,India
74,Jakarta,94,Indonesia
170,Bali,94,Indonesia
1924,"Balingup, WA",14,Australia
11052,Bandung,94,Indonesia
10717,"Cherry Hill, NJ",216,United States
5072,"Bunker Hill, IL",216,United States
5468,"Bunker Hill, IN",216,United States
5094,"Campbell Hill, IL",216,United States
4052,"Carbon Hill, AL",216,United States
6118,"Blue Hill, ME",216,United States
10984,"Cedar Hill, TX",216,United States
9028,"Chapel Hill, TN",216,United States
9240,"Chappell Hill, TX",216,United States
1597,"Bakery Hill, VIC",14,Australia
6718,"Braymer, MO",216,United States
11083,Wicklow,97,Ireland
64,Cape Town,189,South Africa
10423,"Charles Town, WV",216,United States
2479,"Town View, QLD",14,Australia
1439,"Violet Town, VIC",14,Australia
7344,"New Town, ND",216,United States
4573,"Old Town, FL",216,United States
11083,Wicklow,97,Ireland
484,"Orange County, CA",216,United States
553,"Fairfield County, CT",216,United States
994,"Westchester County, NY",216,United States
11055,"Montgomery County, PA",216,United States
11180,"Montgomery County, MD",216,United States
11181,"Prince George's County, MD",216,United States
11176,"Fairfax County, VA",216,United States
472,"Ventura County, CA",216,United States
11056,"Bucks County, PA",216,United States
257,Rome,99,Italy
4677,"Rome, GA",216,United States
258,Milan,99,Italy
7508,"Milan, NH",216,United States
7610,"Milan, NM",216,United States
5055,"Milan, IL",216,United States
5394,"Milan, IN",216,United States
6723,"Milan, MO",216,United States
9380,"Milano, TX",216,United States
86,Beirut,112,Lebanon
88,Kuala Lumpur,123,Malaysia
11080,Selangor,123,Malaysia
70,Auckland,148,New Zealand
71,Wellington,148,New Zealand
2350,"Wellington, NSW",14,Australia
7637,"Wellington, NV",216,United States
9461,"Wellington, TX",216,United States
9641,"Wellington, UT",216,United States
79,Hamilton,148,New Zealand
3477,"Hamilton, ON",37,Canada
2677,"Hamilton Island, QLD",14,Australia
2292,"Hamilton, NSW",14,Australia
1728,"Hamilton, VIC",14,Australia
4096,"Hamilton, AL",216,United States
3988,"Hamilton Twp, NJ",216,United States
5152,"Hamilton, IL",216,United States
7007,"Hamilton, MT",216,United States
6769,"Hamilton, MO",216,United States
90,Christchurch,148,New Zealand
95,Nelson,148,New Zealand
3038,"Nelson, BC",37,Canada
10248,"Nelson, WI",216,United States
2257,"Nelson Bay, NSW",14,Australia
8116,"Nelsonville, OH",216,United States
3072,"Fort Nelson, BC",37,Canada
122,Rotorua,148,New Zealand
123,Tauranga,148,New Zealand
137,Napier Hastings,148,New Zealand
3321,"Centre Hastings, ON",37,Canada
7404,"Hastings, NE",216,United States
145,Dunedin,148,New Zealand
146,Queenstown,148,New Zealand
149,New Plymouth,148,New Zealand
5023,"New Plymouth, ID",216,United States
7523,"Plymouth, NH",216,United States
9982,"Plymouth, WA",216,United States
7145,"Plymouth, NC",216,United States
280,"New York City, NY",216,United States
1,Delhi NCR,1,India
260,"Sydney, NSW",14,Australia
1000,"Long Island, NY",216,United States
290,"New Orleans, LA",216,United States
165,Palmerston North,148,New Zealand
1300,"Palmerston, NT",14,Australia
3460,"Palmerston, ON",37,Canada
1295,"Palmerston City, NT",14,Australia
256,"Metro Vancouver, BC",37,Canada
303,"Charlotte, NC",216,United States
904,"Piedmont Triad, NC",216,United States
898,"Research Triangle, NC",216,United States
901,"Asheville, NC",216,United States
325,North West England,215,United Kingdom
63,Metro Manila,162,Philippines
4219,"Manila, AR",216,United States
256,"Metro Vancouver, BC",37,Canada
10564,Cebu,162,Philippines
11071,Laguna,162,Philippines
9422,"Laguna Park, TX",216,United States
11072,Rizal,162,Philippines
109,Warsaw,163,Poland
8075,"Warsaw, OH",216,United States
9688,"Warsaw, VA",216,United States
5299,"Warsaw, IL",216,United States
5538,"Warsaw, IN",216,United States
5841,"Warsaw, KY",216,United States
6869,"Warsaw, MO",216,United States
7776,"Warsaw, NY",216,United States
7149,"Warsaw, NC",216,United States
255,Kraków,163,Poland
261,Łódź,163,Poland
262,Poznań,163,Poland
264,Lublin,163,Poland
10266,"Lublin, WI",216,United States
265,Katowice,163,Poland
263,Wrocław,163,Poland
266,Gdańsk,163,Poland
267,Rzeszów,163,Poland
268,Szczecin,163,Poland
269,Bydgoszcz,163,Poland
270,Toruń,163,Poland
271,Gdynia,163,Poland
272,Sopot,163,Poland
273,Białystok,163,Poland
275,Zakopane,163,Poland
82,Greater Lisbon,164,Portugal
10211,"New Lisbon, WI",216,United States
7551,"Lisbon, NH",216,United States
10528,"Lisbon, CT",216,United States
7317,"Lisbon, ND",216,United States
8144,"Lisbon, OH",216,United States
3316,"Greater Napanee, ON",37,Canada
3344,"Greater Sudbury, ON",37,Canada
311,Porto,164,Portugal
81,Porto Alegre,30,Brasil
7882,"Portola, CA",216,United States
10855,"Woodside/Portola Valley, CA",216,United States
10684,"Port Orchard, WA",216,United States
8323,"Port Orford, OR",216,United States
62,Doha,166,Qatar
111,Bratislava,185,Slovakia
219,Košice,185,Slovakia
220,Nitra,185,Slovakia
226,Žilina,185,Slovakia
227,Banská Bystrica,185,Slovakia
228,Trenčín,185,Slovakia
231,Prešov,185,Slovakia
239,Trnava,185,Slovakia
242,Prievidza,185,Slovakia
52,Singapore,184,Singapore
64,Cape Town,189,South Africa
775,"Cape Cod, MA",216,United States
172,Garden Route,189,South Africa
8370,"Cannon Beach/Arch Cape, OR",216,United States
8883,"Cape May, NJ",216,United States
8904,"Cape May Ct Hse, NJ",216,United States
7746,"Cape Vincent, NY",216,United States
6871,"Cape Girardeau, MO",216,United States
8910,"Cape May Court House, NJ",216,United States
1747,"Cape Jervis, SA",14,Australia
65,Johannesburg,189,South Africa
6389,"Johannesburg, Minnesota, MI",216,United States
172,Garden Route,189,South Africa
5564,"Garden City, KS",216,United States
9662,"Garden City, UT",216,United States
5018,"Garden Valley, ID",216,United States
10772,"Garden Ridge, TX",216,United States
6273,"Garden, MI",216,United States
6829,"Garden City, MO",216,United States
409,Hartbeespoort,189,South Africa
10565,Nelspruit,189,South Africa
10567,Dullstroom,189,South Africa
11051,Grahamstown,189,South Africa
11058,Sun City,189,South Africa
2979,"Sun Peaks, BC",37,Canada
5390,"Rising Sun, IN",216,United States
6091,"Rising Sun, MD",216,United States
280,"New York City, NY",216,United States
63,Metro Manila,162,Philippines
1213,"Salt Lake City, UT",216,United States
1051,OK City,216,United States
856,"Kansas City, MO",216,United States
11171,"KS City, KS",216,United States
11060,Bloemfontein,189,South Africa
58,Colombo,191,Sri Lanka
59,Istanbul,208,Turkey
60,Ankara,208,Turkey
376,Izmir,208,Turkey
379,Çeşme,208,Turkey
382,Bursa,208,Turkey
385,Adana,208,Turkey
388,Antalya,208,Turkey
391,Izmit,208,Turkey
394,Konya,208,Turkey
397,Gaziantep,208,Turkey
400,Bodrum,208,Turkey
403,Eskisehir,208,Turkey
406,Bozcaada,208,Turkey
51,Dubai,214,UAE
57,Abu Dhabi,214,UAE
56,Sharjah,214,UAE
92,Ajman,214,UAE
253,Umm al Quwain,214,UAE
254,Al Ain,214,UAE
310,Ras al-Khaimah,214,UAE
254,Al Ain,214,UAE
253,Umm al Quwain,214,UAE
310,Ras al-Khaimah,214,UAE
293,Fujairah,214,UAE
310,Ras al-Khaimah,214,UAE
254,Al Ain,214,UAE
253,Umm al Quwain,214,UAE
61,London,215,United Kingdom
3454,"London, ON",37,Canada
5836,"London, KY",216,United States
9824,"Londonderry, VT",216,United States
10545,"New London, CT",216,United States
4949,"New London, IA",216,United States
7543,"New London, NH",216,United States
7150,"New London, NC",216,United States
68,Manchester,215,United Kingdom
949,"Manchester, NH",216,United States
9800,"Manchester Center, VT",216,United States
4711,"Manchester, GA",216,United States
5759,"Manchester, KY",216,United States
4769,"Manchester, IA",216,United States
8966,"Manchester, TN",216,United States
8062,"Manchester, OH",216,United States
7794,"Manchester/Shortsville, NY",216,United States
5481,"North Manchester, IN",216,United States
321,East Midlands,215,United Kingdom
330,West Midlands,215,United Kingdom
327,South East England,215,United Kingdom
322,East of England,215,United Kingdom
1661,"East Geelong, VIC",14,Australia
324,North East England,215,United Kingdom
1723,"Ararat East, VIC",14,Australia
1602,"Ballarat East, VIC",14,Australia
1556,"Trentham East, VIC",14,Australia
1561,"Wallan East, VIC",14,Australia
322,East of England,215,United Kingdom
327,South East England,215,United Kingdom
324,North East England,215,United Kingdom
321,East Midlands,215,United Kingdom
61,London,215,United Kingdom
68,Manchester,215,United Kingdom
330,West Midlands,215,United Kingdom
328,South West England,215,United Kingdom
331,West Yorkshire,215,United Kingdom
332,Yorkshire,215,United Kingdom
323,Liverpool,215,United Kingdom
8153,"East Liverpool, OH",216,United States
327,South East England,215,United Kingdom
321,East Midlands,215,United Kingdom
322,East of England,215,United Kingdom
324,North East England,215,United Kingdom
61,London,215,United Kingdom
68,Manchester,215,United Kingdom
330,West Midlands,215,United Kingdom
328,South West England,215,United Kingdom
331,West Yorkshire,215,United Kingdom
332,Yorkshire,215,United Kingdom
325,North West England,215,United Kingdom
324,North East England,215,United Kingdom
330,West Midlands,215,United Kingdom
328,South West England,215,United Kingdom
331,West Yorkshire,215,United Kingdom
256,"Metro Vancouver, BC",37,Canada
7194,"West End, NC",216,United States
61,London,215,United Kingdom
327,South East England,215,United Kingdom
68,Manchester,215,United Kingdom
327,South East England,215,United Kingdom
328,South West England,215,United Kingdom
321,East Midlands,215,United Kingdom
322,East of England,215,United Kingdom
324,North East England,215,United Kingdom
2409,"East Wagga Wagga, NSW",14,Australia
2124,"East Toukley, NSW",14,Australia
2156,"East Corrimal, NSW",14,Australia
2051,"East Ballina, NSW",14,Australia
2383,"East Albury, NSW",14,Australia
328,South West England,215,United Kingdom
327,South East England,215,United Kingdom
330,West Midlands,215,United Kingdom
331,West Yorkshire,215,United Kingdom
325,North West England,215,United Kingdom
1985,"Tweed Heads West, NSW",14,Australia
2320,"West Tamworth, NSW",14,Australia
2099,"West Gosford, NSW",14,Australia
2298,"Newcastle West, NSW",14,Australia
2073,"South West Rocks, NSW",14,Australia
329,Wales,215,United Kingdom
7294,"Wales, ND",216,United States
61,London,215,United Kingdom
260,"Sydney, NSW",14,Australia
327,South East England,215,United Kingdom
68,Manchester,215,United Kingdom
330,West Midlands,215,United Kingdom
328,South West England,215,United Kingdom
331,West Yorkshire,215,United Kingdom
332,Yorkshire,215,United Kingdom
330,West Midlands,215,United Kingdom
321,East Midlands,215,United Kingdom
256,"Metro Vancouver, BC",37,Canada
328,South West England,215,United Kingdom
331,West Yorkshire,215,United Kingdom
325,North West England,215,United Kingdom
1276,"Charleston, WV",216,United States
1285,"Morgantown, WV",216,United States
1704,"Geelong West, VIC",14,Australia
1522,"Rosebud West, VIC",14,Australia
331,West Yorkshire,215,United Kingdom
332,Yorkshire,215,United Kingdom
256,"Metro Vancouver, BC",37,Canada
330,West Midlands,215,United Kingdom
328,South West England,215,United Kingdom
325,North West England,215,United Kingdom
1276,"Charleston, WV",216,United States
1285,"Morgantown, WV",216,United States
1704,"Geelong West, VIC",14,Australia
1522,"Rosebud West, VIC",14,Australia
332,Yorkshire,215,United Kingdom
331,West Yorkshire,215,United Kingdom
77,Glasgow,215,United Kingdom
7018,"Glasgow, MT",216,United States
6793,"Glasgow, MO",216,United States
3126,"New Glasgow, NS",37,Canada
3738,"Dundee, Scotland",215,United Kingdom
6281,"Dundee, MI",216,United States
10623,"Dundee, OR",216,United States
3546,"New Dundee, ON",37,Canada
76,Edinburgh,215,United Kingdom
320,Belfast,215,United Kingdom
6192,"Belfast, ME",216,United States
276,"Dallas, TX",216,United States
5293,"Dallas City, IL",216,United States
10337,"Dallas, WI",216,United States
10997,"Lake Dallas, TX",216,United States
277,"Houston, TX",216,United States
3059,"Houston, BC",37,Canada
6876,"Houston, MO",216,United States
6961,"Houston, MS",216,United States
280,"New York City, NY",216,United States
1000,"Long Island, NY",216,United States
1012,"Buffalo, NY",216,United States
1006,"Hudson Valley, NY",216,United States
994,"Westchester County, NY",216,United States
997,"Albany, New York, NY",216,United States
1003,"Rochester, New York, NY",216,United States
988,"Syracuse, NY",216,United States
982,"Binghamton, NY",216,United States
991,"Finger Lakes Region, NY",216,United States
991,"Finger Lakes Region, NY",216,United States
11059,"Gatineau Region, QC",37,Canada
2322,"Armidale Region, NSW",14,Australia
3274,"Whitewater Region, ON",37,Canada
6048,"Northern Berkshire Region, MA",216,United States
2503,"Varsity Lakes, QLD",14,Australia
1364,"Lakes Entrance, VIC",14,Australia
3252,"Muskoka Lakes, ON",37,Canada
3268,"Kawartha Lakes, ON",37,Canada
3752,"Pompton Lakes, NJ",216,United States
7889,"Jamestown, CA",216,United States
5847,"Jamestown, KY",216,United States
9064,"Jamestown, TN",216,United States
7679,"Jamestown, NY",216,United States
8599,"Jamestown, PA",216,United States
5452,"Jamestown, IN",216,United States
7264,"Jamestown, ND",216,United States
7783,"Plattsburgh, NY",216,United States
278,"Austin, TX",216,United States
5418,"Austin, IN",216,United States
6454,"Austin, MN",216,United States
8449,"Austin, PA",216,United States
7654,"Austin, NV",216,United States
2139,"Austinmer, NSW",14,Australia
6434,"Port Austin, MI",216,United States
1198,"Longview, TX",216,United States
2875,"Longview, AB",37,Canada
9943,"Longview, WA",216,United States
10995,"Irving, TX",216,United States
5277,"Irving, IL",216,United States
5855,"Irvington, KY",216,United States
3991,"Irvington, NJ",216,United States
9677,"Irvington, VA",216,United States
11014,"Haltom City, TX",216,United States
280,"New York City, NY",216,United States
63,Metro Manila,162,Philippines
1213,"Salt Lake City, UT",216,United States
1051,OK City,216,United States
856,"Kansas City, MO",216,United States
11171,"KS City, KS",216,United States
3603,"Victoria, BC",37,Canada
652,Cedar Rapids/IA City,216,United States
562,"Panama City, FL",216,United States
11175,"Arlington County, VA",216,United States
10981,"Arlington, TX",216,United States
6615,"Arlington, MN",216,United States
8360,"Arlington, OR",216,United States
9874,"Arlington, WA",216,United States
9864,"Arlington, VT",216,United States
3779,"North Arlington, NJ",216,United States
3936,"Mt Arlington, NJ",216,United States
11005,"Richardson, TX",216,United States
7793,"Sherman, NY",216,United States
9135,"Sherman, TX",216,United States
5639,"Abilene, KS",216,United States
1180,"Abilene, TX",216,United States
10980,"Allen, TX",216,United States
1084,"Allentown, PA",216,United States
8475,"Allensville, PA",216,United States
4455,"Allenspark, CO",216,United States
10146,"Allenton, WI",216,United States
8689,"Allendale, SC",216,United States
3931,"Allenhurst, NJ",216,United States
8913,"Allentown, NJ",216,United States
2672,"Allenstown, QLD",14,Australia
1204,"McAllen, TX",216,United States
279,"Seattle, WA",216,United States
280,"New York City, NY",216,United States
1000,"Long Island, NY",216,United States
1012,"Buffalo, NY",216,United States
1006,"Hudson Valley, NY",216,United States
994,"Westchester County, NY",216,United States
997,"Albany, New York, NY",216,United States
1003,"Rochester, New York, NY",216,United States
1252,"Bellingham, WA",216,United States
988,"Syracuse, NY",216,United States
1249,"Olympia, WA",216,United States
6399,"Bellevue, MI",216,United States
8133,"Bellevue, OH",216,United States
5004,"Bellevue, ID",216,United States
10659,"Bellevue, WA",216,United States
3340,"Kirkland Lake, ON",37,Canada
4362,"Kirkland, AZ",216,United States
10663,"Kirkland, WA",216,United States
5991,"Auburn, MA",216,United States
10700,"Auburn, WA",216,United States
7430,"Auburn, NE",216,United States
4120,"Auburn, AL",216,United States
1777,"Auburn, SA",14,Australia
256,"Metro Vancouver, BC",37,Canada
10650,"Vancouver, WA",216,United States
2937,"North Vancouver, BC",37,Canada
8559,"Everett, PA",216,United States
10675,"Everett, WA",216,United States
2061,"Lynwood, NSW",14,Australia
10970,"Lynwood, CA",216,United States
281,"Los Angeles, CA",216,United States
9893,"Port Angeles, WA",216,United States
7954,"Los Banos, CA",216,United States
10819,"Los Gatos, CA",216,United States
10844,"Los Altos, CA",216,United States
302,"San Diego, CA",216,United States
9251,"San Diego, TX",216,United States
63,Metro Manila,162,Philippines
306,"San Francisco, CA",216,United States
304,"San Antonio, TX",216,United States
10883,"San Jose, CA",216,United States
8001,"San Andreas, CA",216,United States
1165,"San Angelo, TX",216,United States
10830,"San Anselmo, CA",216,United States
1360,"San Remo, VIC",14,Australia
306,"San Francisco, CA",216,United States
10854,"South San Francisco, CA",216,United States
63,Metro Manila,162,Philippines
302,"San Diego, CA",216,United States
304,"San Antonio, TX",216,United States
10883,"San Jose, CA",216,United States
8001,"San Andreas, CA",216,United States
1165,"San Angelo, TX",216,United States
10830,"San Anselmo, CA",216,United States
1360,"San Remo, VIC",14,Australia
472,"Ventura County, CA",216,United States
3092,"Lake Country, BC",37,Canada
484,"Orange County, CA",216,United States
4771,"Orange City, IA",216,United States
9414,"Orange Grove, TX",216,United States
3895,"Orange, NJ",216,United States
5999,"Orange, MA",216,United States
9787,"Orange, VA",216,United States
2333,"Orange, NSW",14,Australia
3812,"West Orange, NJ",216,United States
3811,"South Orange, NJ",216,United States
553,"Fairfield County, CT",216,United States
10773,"Oakland, CA",216,United States
6939,"Oakland, MS",216,United States
7400,"Oakland, NE",216,United States
6052,"Oakland, MD",216,United States
4829,"Oakland, IA",216,United States
3911,"Oakland, NJ",216,United States
10784,"Berkeley, CA",216,United States
3860,"Berkeley Heights, NJ",216,United States
10428,"Berkeley Springs, WV",216,United States
2109,"Berkeley Vale, NSW",14,Australia
2219,"Berkeley, NSW",14,Australia
9291,"Walnut Springs, TX",216,United States
5248,"Walnut, IL",216,United States
6891,"Walnut, MS",216,United States
5595,"Walnut, KS",216,United States
4283,"Walnut Ridge/Hoxie, AR",216,United States
4774,"Walnut, IA",216,United States
10955,"Walnut, CA",216,United States
10816,"Walnut Creek, CA",216,United States
7003,"Walnut Grove, MS",216,United States
10958,"Burbank, CA",216,United States
10926,"Manhattan Beach, CA",216,United States
5672,"Manhattan, KS",216,United States
1120,"Myrtle Beach, SC",216,United States
10924,"Long Beach, CA",216,United States
598,"Daytona Beach, FL",216,United States
2521,"Main Beach, QLD",14,Australia
2536,"Palm Beach, QLD",14,Australia
2525,"Gold Coast - Main Beach, QLD",14,Australia
2544,"Mermaid Beach, QLD",14,Australia
1531,"Balnarring Beach, VIC",14,Australia
10849,"Palo Alto, CA",216,United States
9382,"Palo Pinto, TX",216,United States
8946,"Palo Verde, CA",216,United States
9401,"Alto, TX",216,United States
10847,"Mountain View, CA",216,United States
6788,"Mountain View, MO",216,United States
10441,"Mountain View, WY",216,United States
4305,"Mountain View, AR",216,United States
7651,"Battle Mountain, NV",216,United States
2546,"Tamborine Mountain, QLD",14,Australia
2590,"Little Mountain, QLD",14,Australia
2841,"Rocky Mountain House, AB",37,Canada
4424,"Copper Mountain, CO",216,United States
9910,"Crystal Mountain, WA",216,United States
10828,"Novato, CA",216,United States
3976,"Newark, NJ",216,United States
10802,"Newark, CA",216,United States
5210,"Newark, IL",216,United States
6796,"Newark, MO",216,United States
7807,"Newark, NY",216,United States
9579,"Newark, TX",216,United States
3989,"Airport: Newark, NJ",216,United States
10963,"Santa Clarita, CA",216,United States
511,"Santa Maria, CA",216,United States
526,"Santa Barbara, CA",216,United States
10977,"Santa Monica, CA",216,United States
970,"Santa Fe, NM",216,United States
9186,"Santa Anna, TX",216,United States
10821,"Santa Clara, CA",216,United States
5358,"Santa Claus, IN",216,United States
7570,"Santa Rosa, NM",216,United States
10877,"Santa Rosa, CA",216,United States
10977,"Santa Monica, CA",216,United States
511,"Santa Maria, CA",216,United States
526,"Santa Barbara, CA",216,United States
10963,"Santa Clarita, CA",216,United States
970,"Santa Fe, NM",216,United States
9186,"Santa Anna, TX",216,United States
10821,"Santa Clara, CA",216,United States
5358,"Santa Claus, IN",216,United States
7570,"Santa Rosa, NM",216,United States
10877,"Santa Rosa, CA",216,United States
282,"Las Vegas, NV",216,United States
7588,"Las Vegas, NM",216,United States
63,Metro Manila,162,Philippines
961,"Las Cruces, NM",216,United States
4500,"Las Animas, CO",216,United States
976,"Reno, NV",216,United States
9581,"Reno, TX",216,United States
8454,"Renovo, PA",216,United States
283,Washington DC,216,United States
279,"Seattle, WA",216,United States
1252,"Bellingham, WA",216,United States
1240,"Spokane, WA",216,United States
1249,"Olympia, WA",216,United States
10699,"Tacoma, WA",216,United States
10650,"Vancouver, WA",216,United States
9900,"Aberdeen, WA",216,United States
10044,"Addy, WA",216,United States
9881,"Allyn, WA",216,United States
10092,"Benton, WI",216,United States
9987,"Benton City, WA",216,United States
6284,"Benton Harbor, MI",216,United States
8459,"Benton, PA",216,United States
9045,"Benton, TN",216,United States
5128,"Benton, IL",216,United States
6511,"Lake Benton, MN",216,United States
7036,"Fort Benton, MT",216,United States
3241,"Ahmic Harbour, ON",37,Canada
2020,"Coffs Harbour, NSW",14,Australia
6356,"Port Huron, MI",216,United States
3542,"South Huron, ON",37,Canada
3461,"North Huron, ON",37,Canada
3482,"Central Huron, ON",37,Canada
3450,"Huron East, ON",37,Canada
8756,"Huron, SD",216,United States
7899,"Huron, CA",216,United States
3652,"Port McNeill, BC",37,Canada
3604,"Port Renfrew, BC",37,Canada
3237,"Port McNicoll, ON",37,Canada
6412,"Marquette, MI",216,United States
4901,"Marquette, IA",216,United States
4945,"Mt Pleasant, IA",216,United States
8614,"Mt Pleasant Mls, PA",216,United States
7104,"Mt Pleasant, NC",216,United States
9399,"Mt Pleasant, TX",216,United States
6398,"Mt Pleasant, MI",216,United States
9631,"Mt Pleasant, UT",216,United States
3433,"Mt Forest, ON",37,Canada
7183,"Mt Gilead, NC",216,United States
10725,"Mt Holly, NJ",216,United States
10375,"Mt Nebo, WV",216,United States
8388,"Roseburg, OR",216,United States
10629,"Gresham, OR",216,United States
6197,"Newport, ME",216,United States
7114,"Newport, NC",216,United States
10037,"Newport, WA",216,United States
9799,"Newport, VT",216,United States
4281,"Newport, AR",216,United States
7535,"Newport, NH",216,United States
8869,"Newport, NJ",216,United States
9070,"Newport, TN",216,United States
8417,"Newport, OR",216,United States
10636,"Milwaukie, OR",216,United States
8336,"Hood River, OR",216,United States
8349,"Mt. Hood, OR",216,United States
8924,"Big River, CA",216,United States
10335,"Black River Falls, WI",216,United States
10316,"Black River Fls, WI",216,United States
8345,"Blue River, OR",216,United States
6342,"Bark River, MI",216,United States
5219,"Apple River, IL",216,United States
10566,White River,189,South Africa
1311,"Adelaide River, NT",14,Australia
287,"Philadelphia, PA",216,United States
6932,"Philadelphia, MS",216,United States
7855,"Philadelphia, NY",216,United States
10804,"Pittsburg, CA",216,United States
5661,"Pittsburg, KS",216,United States
7527,"Pittsburg, NH",216,United States
9134,"Pittsburg, TX",216,United States
1081,"Pittsburgh, PA",216,United States
1072,"Johnstown, PA",216,United States
7666,"Johnstown, NY",216,United States
1093,"Lancaster, PA",216,United States
481,"Lancaster, CA",216,United States
3299,"Lancaster, ON",37,Canada
7495,"Lancaster, NH",216,United States
10999,"Lancaster, TX",216,United States
9749,"Lancaster, VA",216,United States
10117,"Lancaster, WI",216,United States
10731,"Delaware County, PA",216,United States
8460,"Delaware Water Gap, PA",216,United States
556,"Wilmington, DE",216,United States
4538,"Bethany Beach, DE",216,United States
4536,"Bridgeville, DE",216,United States
4532,"Clayton, DE",216,United States
4534,"Camden-Wyoming, DE",216,United States
4530,"Dagsboro, DE",216,United States
4523,"Ocean View, DE",216,United States
4521,"Rehoboth Beach, DE",216,United States
10737,"Main Line, PA",216,United States
6940,"State Line, MS",216,United States
2521,"Main Beach, QLD",14,Australia
2525,"Gold Coast - Main Beach, QLD",14,Australia
288,"Atlanta, GA",216,United States
9237,"Atlanta, TX",216,United States
5479,"Atlanta, IN",216,United States
6285,"Atlanta, MI",216,United States
997,"Albany, New York, NY",216,United States
8340,"Albany, OR",216,United States
9468,"Albany, TX",216,United States
6662,"Albany, MN",216,United States
6872,"Albany, MO",216,United States
10780,"Albany, CA",216,United States
610,"Albany, GA",216,United States
5772,"Albany, KY",216,United States
5273,"Albany, IL",216,United States
1951,"Albany, WA",14,Australia
625,"Dalton, GA",216,United States
634,"Athens, GA",216,United States
8027,"Athens, OH",216,United States
9231,"Athens, TX",216,United States
10296,"Athens, WI",216,United States
8462,"Athens, PA",216,United States
9014,"Athens, TN",216,United States
5324,"New Athens, IL",216,United States
619,"Savannah, GA",216,United States
9088,"Savannah, TN",216,United States
1021,"Columbus, OH",216,United States
622,"Columbus, GA",216,United States
10719,"Columbus, NJ",216,United States
5726,"Columbus, KS",216,United States
6983,"Columbus, MS",216,United States
7278,"Columbus, ND",216,United States
4895,"Columbus Jct, IA",216,United States
5384,"Columbus, IN",216,United States
7421,"Columbus, NE",216,United States
7047,"Columbus, MT",216,United States
6096,"Brunswick, MD",216,United States
4635,"Brunswick, GA",216,United States
6885,"Brunswick, MO",216,United States
2018,"Brunswick Heads, NSW",14,Australia
3159,"Miramichi, NB",37,Canada
3150,"Moncton, NB",37,Canada
3149,"Alma, Atlantic Provinces, NB",37,Canada
3162,"Bathurst, Atlantic Provinces, NB",37,Canada
3148,"Saint John, Atlantic Provinces, NB",37,Canada
3153,"Saint Andrews, NB",37,Canada
4626,"Carrollton, GA",216,United States
6958,"Carrollton, MS",216,United States
6791,"Carrollton, MO",216,United States
4178,"Carrollton, AL",216,United States
5202,"Carrollton, IL",216,United States
10983,"Carrollton, TX",216,United States
5813,"Carrollton, KY",216,United States
4654,"Statesboro, GA",216,United States
5540,"Lagrange, IN",216,United States
4701,"Lagrange, GA",216,United States
7989,"La Grange, CA",216,United States
6770,"La Grange, MO",216,United States
9516,"La Grange, TX",216,United States
289,"Boston, MA",216,United States
2942,"Boston Bar, BC",37,Canada
9152,"New Boston, TX",216,United States
9738,"South Boston, VA",216,United States
775,"Cape Cod, MA",216,United States
64,Cape Town,189,South Africa
172,Garden Route,189,South Africa
8370,"Cannon Beach/Arch Cape, OR",216,United States
8883,"Cape May, NJ",216,United States
8904,"Cape May Ct Hse, NJ",216,United States
7746,"Cape Vincent, NY",216,United States
6871,"Cape Girardeau, MO",216,United States
8910,"Cape May Court House, NJ",216,United States
1747,"Cape Jervis, SA",14,Australia
781,"New Bedford, MA",216,United States
8542,"Bedford, PA",216,United States
10982,"Bedford, TX",216,United States
4894,"Bedford, IA",216,United States
3139,"Bedford, Atlantic Provinces, NS",37,Canada
280,"New York City, NY",216,United States
1,Delhi NCR,1,India
260,"Sydney, NSW",14,Australia
1000,"Long Island, NY",216,United States
290,"New Orleans, LA",216,United States
3758,"Lawrence Twp, NJ",216,United States
5965,"Lawrence, MA",216,United States
5649,"Lawrence, KS",216,United States
5401,"Lawrenceburg, IN",216,United States
9741,"Lawrenceville, VA",216,United States
8519,"Lawrenceville, PA",216,United States
9040,"Lawrenceburg, TN",216,United States
5171,"Lawrenceville, IL",216,United States
5966,"Haverhill, MA",216,United States
5974,"Worcester, MA",216,United States
7853,"Worcester, NY",216,United States
6007,"Lowell, MA",216,United States
5513,"Lowell, IN",216,United States
6046,"Pittsfield, MA",216,United States
6185,"Pittsfield, ME",216,United States
5189,"Pittsfield, IL",216,United States
6012,"Fitchburg, MA",216,United States
6024,"Northampton, MA",216,United States
700,"Springfield, IL",216,United States
850,"Springfield, MO",216,United States
8697,"Springfield, SC",216,United States
8764,"Springfield, SD",216,United States
9845,"Springfield, VT",216,United States
3785,"Springfield, NJ",216,United States
4473,"Springfield, CO",216,United States
5943,"Springfield, LA",216,United States
6036,"Springfield, MA",216,United States
5749,"Springfield, KY",216,United States
290,"New Orleans, LA",216,United States
5371,"Orleans, IN",216,United States
9863,"Orleans, VT",216,United States
280,"New York City, NY",216,United States
1,Delhi NCR,1,India
260,"Sydney, NSW",14,Australia
1000,"Long Island, NY",216,United States
1012,"Buffalo, NY",216,United States
1006,"Hudson Valley, NY",216,United States
994,"Westchester County, NY",216,United States
11065,"Monroe, WA",216,United States
754,"Monroe, LA",216,United States
4000,"Monroe Twp, NJ",216,United States
10238,"Monroe, WI",216,United States
5434,"Monroe, IN",216,United States
4106,"Monroeville, AL",216,United States
8493,"Monroeton, PA",216,United States
763,"Lake Charles, LA",216,United States
4967,"Charles City, IA",216,United States
11182,"Charles County, MD",216,United States
10423,"Charles Town, WV",216,United States
1213,"Salt Lake City, UT",216,United States
10222,"Balsam Lake, WI",216,United States
9137,"Big Lake, TX",216,United States
6663,"Bingham Lake, MN",216,United States
10688,"Bonney Lake, WA",216,United States
3883,"Budd Lake, NJ",216,United States
5887,"Hammond, LA",216,United States
5546,"Hammond, IN",216,United States
11174,"Alexandria, VA",216,United States
7758,"Alexandria Bay, NY",216,United States
6471,"Alexandria, MN",216,United States
5898,"Alexandria, LA",216,United States
8489,"Alexandria, PA",216,United States
3309,"Alexandria, ON",37,Canada
291,"Miami, FL",216,United States
2559,"Miami, QLD",14,Australia
4341,"Miami, AZ",216,United States
8254,"Miami, OK",216,United States
562,"Panama City, FL",216,United States
601,"Orlando, FL",216,United States
604,"Tampa Bay, FL",216,United States
487,"Monterey Bay, CA",216,United States
1273,"Green Bay, WI",216,United States
433,"Mobile Bay, AL",216,United States
2545,"Runaway Bay, QLD",14,Australia
7758,"Alexandria Bay, NY",216,United States
9888,"Clallam Bay, WA",216,United States
10856,"Bodega Bay, CA",216,United States
9165,"Bay City, TX",216,United States
8835,"Bay Head, NJ",216,United States
571,FL Keys,216,United States
291,"Miami, FL",216,United States
604,"Tampa Bay, FL",216,United States
601,"Orlando, FL",216,United States
574,"Jacksonville, FL",216,United States
586,"Fort Myers, FL",216,United States
577,"Melbourne, FL",216,United States
565,"Treasure Coast, FL",216,United States
607,"Pensacola, FL",216,United States
589,"Ocala, FL",216,United States
574,"Jacksonville, FL",216,United States
4168,"Jacksonville, AL",216,United States
5308,"Jacksonville, IL",216,United States
913,"Jacksonville, NC",216,United States
580,"Destin, FL",216,United States
4613,"Venice, FL",216,United States
5937,"Venice, LA",216,United States
4620,"Port Charlotte, FL",216,United States
303,"Charlotte, NC",216,United States
10747,"Charlotte, TX",216,United States
6053,"Charlotte Hall, MD",216,United States
3652,"Port McNeill, BC",37,Canada
3604,"Port Renfrew, BC",37,Canada
3237,"Port McNicoll, ON",37,Canada
3496,"Port Stanley, ON",37,Canada
3220,"Port Severn, ON",37,Canada
3514,"Port Rowan, ON",37,Canada
4603,"Brooksville, FL",216,United States
5827,"Brooksville, KY",216,United States
292,"Chicago, IL",216,United States
5560,"East Chicago, IN",216,United States
7985,"Quincy, CA",216,United States
5097,"Quincy, IL",216,United States
10011,"Quincy, WA",216,United States
721,"Bloomington, IN",216,United States
697,"Bloomington, IL",216,United States
10279,"Bloomington, WI",216,United States
5217,"Crystal Lake, IL",216,United States
6313,"Crystal Falls, MI",216,United States
9541,"Crystal Beach, TX",216,United States
9910,"Crystal Mountain, WA",216,United States
4602,"Crystal River, FL",216,United States
9508,"Crystal City, TX",216,United States
1213,"Salt Lake City, UT",216,United States
10222,"Balsam Lake, WI",216,United States
9137,"Big Lake, TX",216,United States
6663,"Bingham Lake, MN",216,United States
5095,"Alton, IL",216,United States
7552,"Alton, NH",216,United States
6850,"Alton, MO",216,United States
4777,"Alton, IA",216,United States
3673,"Altona, MB",37,Canada
5059,"Belleville, IL",216,United States
5684,"Belleville, KS",216,United States
3892,"Belleville, NJ",216,United States
3334,"Belleville, ON",37,Canada
5426,"Peru, IN",216,United States
7435,"Peru, NE",216,United States
5115,"Peru, IL",216,United States
694,"Peoria, IL",216,United States
11192,"Peoria, AZ",216,United States
5060,"Galesburg, IL",216,United States
7296,"Galesburg, ND",216,United States
5200,"Moline, IL",216,United States
5165,"East Moline, IL",216,United States
9771,"Danville, VA",216,United States
9869,"Danville, VT",216,United States
10790,"Danville, CA",216,United States
5744,"Danville, KY",216,United States
5199,"Danville, IL",216,United States
8620,"Danville, PA",216,United States
301,"Phoenix, AZ",216,United States
11191,"Tempe, AZ",216,United States
6250,"Temperance, MI",216,United States
11187,"Mesa, AZ",216,United States
9965,"Mesa, WA",216,United States
11188,"Chandler, AZ",216,United States
8271,"Chandler, OK",216,United States
5179,"Chandlerville, IL",216,United States
463,"Yuma, AZ",216,United States
4502,"Yuma, CO",216,United States
466,"Tucson, AZ",216,United States
10359,"Gilbert, WV",216,United States
6487,"Gilbert, MN",216,United States
11193,"Gilbert, AZ",216,United States
5071,"Gilberts, IL",216,United States
469,"Flagstaff, AZ",216,United States
11196,"Surprise, AZ",216,United States
303,"Charlotte, NC",216,United States
10747,"Charlotte, TX",216,United States
6053,"Charlotte Hall, MD",216,United States
1234,"Charlottesville, VA",216,United States
3166,"Charlottetown, PEI",37,Canada
4620,"Port Charlotte, FL",216,United States
901,"Asheville, NC",216,United States
10179,"Wilson, WI",216,United States
5725,"Wilson, KS",216,United States
7100,"Wilson, NC",216,United States
3400,"Wilsonville, ON",37,Canada
10652,"Wilsonville, OR",216,United States
1111,"Greenville, SC",216,United States
922,"Greenville, NC",216,United States
6967,"Greenville, MS",216,United States
8554,"Greenville, PA",216,United States
5186,"Greenville, IL",216,United States
4679,"Greenville, GA",216,United States
7978,"Greenville, CA",216,United States
4588,"Greenville, FL",216,United States
4140,"Greenville, AL",216,United States
9200,"Greenville, TX",216,United States
7163,"Boone, NC",216,United States
6920,"Booneville, MS",216,United States
4213,"Booneville, AR",216,United States
910,"Hickory, NC",216,United States
7038,"Shelby, MT",216,United States
7131,"Shelby, NC",216,United States
4875,"Shelby, IA",216,United States
5208,"Shelbyville, IL",216,United States
9054,"Shelbyville, TN",216,United States
6701,"Shelbyville, MO",216,United States
7195,"New Bern, NC",216,United States
280,"New York City, NY",216,United States
1,Delhi NCR,1,India
260,"Sydney, NSW",14,Australia
1000,"Long Island, NY",216,United States
290,"New Orleans, LA",216,United States
1012,"Buffalo, NY",216,United States
1006,"Hudson Valley, NY",216,United States
994,"Westchester County, NY",216,United States
997,"Albany, New York, NY",216,United States
2841,"Rocky Mountain House, AB",37,Canada
2882,"Rocky View No 44, AB",37,Canada
7164,"Rocky Mount, NC",216,United States
4514,"Rocky Ford, CO",216,United States
7651,"Battle Mountain, NV",216,United States
2546,"Tamborine Mountain, QLD",14,Australia
2590,"Little Mountain, QLD",14,Australia
4424,"Copper Mountain, CO",216,United States
9910,"Crystal Mountain, WA",216,United States
6832,"Mountain Grove, MO",216,United States
7252,"Sanford, NC",216,United States
529,CO Springs,216,United States
4483,"Pagosa Springs, CO",216,United States
4474,"Idaho Springs, CO",216,United States
4466,"Steamboat Springs, CO",216,United States
4497,"Glenwood Springs, CO",216,United States
305,"Denver, CO",216,United States
541,Northern CO,216,United States
4433,"Alamosa, CO",216,United States
4462,"Akron, CO",216,United States
4455,"Allenspark, CO",216,United States
305,"Denver, CO",216,United States
9311,"Denver City, TX",216,United States
4469,"Vail, CO",216,United States
535,"Pueblo, CO",216,United States
4466,"Steamboat Springs, CO",216,United States
4425,"Aspen, CO",216,United States
4504,"Durango, CO",216,United States
415,"Anchorage, AK",216,United States
418,"Fairbanks, AK",216,United States
10070,"Juneau, WI",216,United States
4033,"Juneau, AK",216,United States
421,"Birmingham, AL",216,United States
69,Birmingham,215,United Kingdom
427,"Dothan, AL",216,United States
430,"Huntsville, AL",216,United States
3235,"Huntsville, ON",37,Canada
9167,"Huntsville, TX",216,United States
9086,"Huntsville, TN",216,United States
9649,"Huntsville, UT",216,United States
433,"Mobile Bay, AL",216,United States
604,"Tampa Bay, FL",216,United States
487,"Monterey Bay, CA",216,United States
1273,"Green Bay, WI",216,United States
2545,"Runaway Bay, QLD",14,Australia
7758,"Alexandria Bay, NY",216,United States
9888,"Clallam Bay, WA",216,United States
10856,"Bodega Bay, CA",216,United States
9165,"Bay City, TX",216,United States
8835,"Bay Head, NJ",216,United States
11055,"Montgomery County, PA",216,United States
11180,"Montgomery County, MD",216,United States
436,"Montgomery, AL",216,United States
9433,"Montgomery, TX",216,United States
6866,"Montgomery City, MO",216,United States
8525,"Montgomery, PA",216,United States
6559,"Montgomery, MN",216,United States
9809,"Montgomery Ctr, VT",216,United States
5367,"Montgomery, IN",216,United States
1108,"Florence, SC",216,United States
4102,"Florence, AL",216,United States
4355,"Florence, AZ",216,United States
5419,"Florence, IN",216,United States
10263,"Florence, WI",216,United States
8344,"Florence, OR",216,United States
10720,"Florence-Roebling, NJ",216,United States
3157,"Florenceville-Bristol, NB",37,Canada
6808,"New Florence, MO",216,United States
4111,"Cullman, AL",216,United States
1857,"Two Rocks, WA",14,Australia
2073,"South West Rocks, NSW",14,Australia
442,"Little Rock, AR",216,United States
2590,"Little Mountain, QLD",14,Australia
1635,"Little River, VIC",14,Australia
2993,"Little Fort, BC",37,Canada
3140,"Little Brook, NS",37,Canada
8826,"Little Egg Harbor Twp, NJ",216,United States
3957,"Little Ferry, NJ",216,United States
3910,"Little Falls, NJ",216,United States
445,"Fort Smith, AR",216,United States
7971,"Smith River, CA",216,United States
6102,"Smith Island, MD",216,United States
5604,"Smith Center, KS",216,United States
586,"Fort Myers, FL",216,United States
10978,"Fort Worth, TX",216,United States
703,"Fort Wayne, IN",216,United States
2993,"Little Fort, BC",37,Canada
2856,"Fort Assiniboine, AB",37,Canada
2922,"Fort Macleod, AB",37,Canada
448,Northwest AR,216,United States
442,"Little Rock, AR",216,United States
4237,"Altus, AR",216,United States
4229,"Ash Flat, AR",216,United States
4202,"Ashdown, AR",216,United States
4221,"Augusta, AR",216,United States
4259,"Beebe, AR",216,United States
4251,"Bald Knob, AR",216,United States
4276,"Berryville, AR",216,United States
4213,"Booneville, AR",216,United States
8768,"Hot Springs, SD",216,United States
7060,"Hot Springs, MT",216,United States
454,"Hot Springs, AR",216,United States
3018,"Radium Hot Springs, BC",37,Canada
2945,"Harrison Hot Springs, BC",37,Canada
3023,"Fairmont Hot Springs, BC",37,Canada
4009,"Manley Hot Springs, AK",216,United States
9096,"Big Spring, TX",216,United States
4642,"Cave Spring, GA",216,United States
9308,"Cat Spring, TX",216,United States
4081,"Russellville, AL",216,United States
8055,"Russellville, OH",216,United States
4261,"Russellville, AR",216,United States
7996,"Big Pine, CA",216,United States
7684,"Pine Hill, NY",216,United States
8737,"Pine Ridge, SD",216,United States
5840,"Pine Knot, KY",216,United States
8823,"Pine Beach, NJ",216,United States
4269,"Pine Bluff, AR",216,United States
6448,"Pine City, MN",216,United States
8472,"Pine Grove, PA",216,United States
7921,"Pine Grove, CA",216,United States
4375,"Pine, AZ",216,United States
4293,"Jonesboro, AR",216,United States
5894,"Jonesboro, LA",216,United States
5440,"Jonesboro, IN",216,United States
9444,"Jonesboro, TX",216,United States
544,"Hartford, CT",216,United States
5774,"Hartford, KY",216,United States
10501,"New Hartford, CT",216,United States
550,"New Haven, CT",216,United States
6727,"New Haven, MO",216,United States
10370,"New Haven, WV",216,United States
8914,"Beach Haven, NJ",216,United States
2127,"Lake Haven, NSW",14,Australia
3884,"Fair Haven, NJ",216,United States
2063,"North Haven, NSW",14,Australia
9806,"Castleton/Fair Haven, VT",216,United States
4608,"Moore Haven, FL",216,United States
8465,"Lock Haven, PA",216,United States
553,"Fairfield County, CT",216,United States
10795,"Fairfield, CA",216,United States
4954,"Fairfield, IA",216,United States
3926,"Fairfield, NJ",216,United States
7059,"Fairfield, MT",216,United States
8595,"Fairfield, PA",216,United States
5134,"Fairfield, IL",216,United States
5026,"Fairfield, ID",216,United States
9476,"Fairfield, TX",216,United States
4206,"Fairfield Bay, AR",216,United States
10517,"Torrington, CT",216,United States
10442,"Torrington, WY",216,United States
10545,"New London, CT",216,United States
4949,"New London, IA",216,United States
7543,"New London, NH",216,United States
7150,"New London, NC",216,United States
61,London,215,United Kingdom
3454,"London, ON",37,Canada
5836,"London, KY",216,United States
280,"New York City, NY",216,United States
1,Delhi NCR,1,India
260,"Sydney, NSW",14,Australia
6013,"Groton, MA",216,United States
10547,"Groton, CT",216,United States
9844,"Groton, VT",216,United States
556,"Wilmington, DE",216,United States
916,"Wilmington, NC",216,United States
9871,"Wilmington / West Dover, VT",216,United States
10933,"Wilmington, CA",216,United States
5052,"Wilmington, IL",216,United States
4521,"Rehoboth Beach, DE",216,United States
6162,"Dover Foxcroft, ME",216,United States
7509,"Dover, NH",216,United States
3950,"Dover, NJ",216,United States
4524,"Dover, DE",216,United States
3463,"Port Dover, ON",37,Canada
9871,"Wilmington / West Dover, VT",216,United States
640,Hawaii,216,United States
643,"Des Moines, IA",216,United States
10704,"Des Moines, WA",216,United States
4246,"Des Arc, AR",216,United States
646,"Davenport, IA",216,United States
10009,"Davenport, WA",216,United States
8311,"Davenport, OK",216,United States
649,"Sioux City, IA",216,United States
3370,"Sioux Lookout, ON",37,Canada
4788,"Sioux Rapids, IA",216,United States
1126,"Sioux Falls, SD",216,United States
4801,"Sioux Center, IA",216,United States
280,"New York City, NY",216,United States
63,Metro Manila,162,Philippines
1213,"Salt Lake City, UT",216,United States
1051,OK City,216,United States
856,"Kansas City, MO",216,United States
652,Cedar Rapids/IA City,216,United States
4967,"Charles City, IA",216,United States
4771,"Orange City, IA",216,United States
4961,"Rockwell City, IA",216,United States
4904,"Sac City, IA",216,United States
4796,"Lake City, IA",216,United States
4923,"Mason City, IA",216,United States
4863,"Forest City, IA",216,United States
4948,"Webster City, IA",216,United States
649,"Sioux City, IA",216,United States
1927,"Waterloo, WA",14,Australia
3459,"Waterloo, ON",37,Canada
655,"Waterloo, IA",216,United States
5157,"Waterloo, IL",216,United States
4153,"Waterloo, AL",216,United States
8698,"Waterloo/Cross Hill, SC",216,United States
658,"Dubuque, IA",216,United States
5257,"East Dubuque, IL",216,United States
4923,"Mason City, IA",216,United States
9582,"Mason, TX",216,United States
10192,"Mason, WI",216,United States
8497,"Masontown, PA",216,United States
664,"Boise, ID",216,United States
8182,"Boise City, OK",216,United States
667,"Pocatello, ID",216,United States
673,"Twin Falls, ID",216,United States
826,"Twin Cities, MN",216,United States
2571,"Twin Waters, QLD",14,Australia
2914,"Twin Butte, AB",37,Canada
4681,"Twin City, GA",216,United States
7067,"Twin Bridges, MT",216,United States
9805,"Bellows Falls, VT",216,United States
10335,"Black River Falls, WI",216,United States
3212,"Burk's Falls, ON",37,Canada
1415,"Falls Creek, VIC",14,Australia
679,ID Falls,216,United States
673,"Twin Falls, ID",216,United States
664,"Boise, ID",216,United States
5004,"Bellevue, ID",216,United States
5017,"Ashton, ID",216,United States
5013,"Bliss, ID",216,United States
5009,"Bonners Ferry, ID",216,United States
4994,"Clark Fork, ID",216,United States
4984,"Burley, ID",216,United States
5005,"Carey, ID",216,United States
703,"Fort Wayne, IN",216,United States
7452,"Wayne, NE",216,United States
3913,"Wayne, NJ",216,United States
586,"Fort Myers, FL",216,United States
10978,"Fort Worth, TX",216,United States
2993,"Little Fort, BC",37,Canada
2856,"Fort Assiniboine, AB",37,Canada
2922,"Fort Macleod, AB",37,Canada
3349,"Fort Frances, ON",37,Canada
3469,"Fort Erie, ON",37,Canada
5488,"Crown Point, IN",216,United States
4379,"Crown King, AZ",216,United States
8093,"Crown City, OH",216,United States
7772,"Crown Pt, NY",216,United States
2557,"Paradise Point, QLD",14,Australia
9273,"Center Point, TX",216,United States
10782,"Bay Point, CA",216,United States
2183,"Beauty Point, NSW",14,Australia
1848,"Bluff Point, WA",14,Australia
2040,"Blackmans Point, NSW",14,Australia
256,"Metro Vancouver, BC",37,Canada
1219,"Richmond, VA",216,United States
6153,"Richmond, ME",216,United States
5265,"Richmond, IL",216,United States
5480,"Richmond, IN",216,United States
6785,"Richmond, MO",216,United States
9846,"Richmond, VT",216,United States
10807,"Richmond-San Pablo, CA",216,United States
7801,"Richmondville, NY",216,United States
10292,"New Richmond, WI",216,United States
5506,"Michigan City, IN",216,United States
811,"Traverse City, MI",216,United States
6280,"Boyne City, MI",216,United States
6330,"Brown City, MI",216,United States
6242,"Carson City, MI",216,United States
6428,"Cass City, MI",216,United States
6293,"Rose City, MI",216,United States
6323,"Rogers City, MI",216,United States
6391,"National City, MI",216,United States
6326,"Reed City, MI",216,United States
5554,"Gary, IN",216,United States
6587,"Gary, MN",216,United States
718,INpolis,216,United States
856,"Kansas City, MO",216,United States
11171,"KS City, KS",216,United States
5706,"Baldwin City, KS",216,United States
5662,"Bird City, KS",216,United States
5587,"Arkansas City, KS",216,United States
5700,"Mound City, KS",216,United States
5678,"Ness City, KS",216,United States
5579,"Hill City, KS",216,United States
5694,"Junction City, KS",216,United States
5564,"Garden City, KS",216,United States
5650,"Salina, KS",216,United States
8237,"Salina, OK",216,United States
9660,"Salina, UT",216,United States
5672,"Manhattan, KS",216,United States
10926,"Manhattan Beach, CA",216,United States
730,"Wichita, KS",216,United States
1183,"Wichita Falls, TX",216,United States
733,"Topeka, KS",216,United States
5544,"Topeka, IN",216,United States
5705,"Hutchinson, KS",216,United States
6668,"Hutchinson, MN",216,United States
742,"Lexington, KY",216,United States
7481,"Lexington, NE",216,United States
6260,"Lexington, MI",216,United States
6917,"Lexington, MS",216,United States
6722,"Lexington, MO",216,United States
9754,"Lexington, VA",216,United States
9351,"Lexington, TX",216,United States
8148,"New Lexington, OH",216,United States
745,"Louisville, KY",216,United States
5232,"Louisville, IL",216,United States
4733,"Louisville, GA",216,United States
6896,"Louisville, MS",216,United States
748,"Paducah, KY",216,United States
9269,"Paducah, TX",216,United States
751,"Bowling Green, KY",216,United States
4601,"Bowling Green, FL",216,United States
1273,"Green Bay, WI",216,United States
2093,"Green Point, NSW",14,Australia
2434,"Green Island, QLD",14,Australia
10208,"Hazel Green, WI",216,United States
6443,"Green Island, MN",216,United States
9659,"Green River, UT",216,United States
10254,"Spring Green, WI",216,United States
5804,"Owensboro, KY",216,United States
8513,"Ashland, PA",216,United States
10334,"Ashland, WI",216,United States
4103,"Ashland, AL",216,United States
5576,"Ashland, KS",216,United States
5771,"Ashland, KY",216,United States
7046,"Ashland, MT",216,United States
6148,"Ashland, ME",216,United States
7558,"Ashland, NH",216,United States
3906,"Somerset, NJ",216,United States
8059,"Somerset, OH",216,United States
5788,"Somerset, KY",216,United States
10310,"Somerset, WI",216,United States
8872,"Ocean City, NJ",216,United States
784,"Ocean City, MD",216,United States
7167,"Ocean Isle Beach, NC",216,United States
3808,"Ocean, NJ",216,United States
4523,"Ocean View, DE",216,United States
3792,"Ocean Grove, NJ",216,United States
8857,"Ocean Gate, NJ",216,United States
8851,"Ocean View, NJ",216,United States
9884,"Ocean Shores, WA",216,United States
9913,"Ocean Park, WA",216,United States
787,"Baltimore, MD",216,United States
6086,"Frederick, MD",216,United States
8194,"Frederick, OK",216,United States
2060,"Frederickton, NSW",14,Australia
9732,"Fredericksburg, VA",216,United States
9333,"Fredericksburg, TX",216,United States
6836,"Fredericktown, MO",216,United States
4883,"Fredericksburg, IA",216,United States
6057,"Prince Frederick, MD",216,United States
3106,"Cumberland, Atlantic Provinces, NS",37,Canada
3642,"Cumberland, BC",37,Canada
9055,"Cumberland Gap, TN",216,United States
5773,"Cumberland, KY",216,United States
10075,"Cumberland, WI",216,United States
6089,"Cumberland/Frostburg, MD",216,United States
6090,"Hagerstown, MD",216,United States
8615,"Salisbury, PA",216,United States
5958,"Salisbury, MA",216,United States
6092,"Salisbury, MD",216,United States
7142,"Salisbury, NC",216,United States
6737,"Salisbury, MO",216,United States
5352,"New Salisbury, IN",216,United States
11181,"Prince George's County, MD",216,United States
11178,"Prince William County, VA",216,United States
3049,"Prince George, BC",37,Canada
3592,"Prince Albert, SK",37,Canada
3292,"Prince Edward, ON",37,Canada
3167,PEI,37,Canada
3165,"Summerside, PEI",37,Canada
3065,"Prince Rupert, BC",37,Canada
3166,"Charlottetown, PEI",37,Canada
6057,"Prince Frederick, MD",216,United States
286,"Portland, OR",216,United States
793,"Portland, ME",216,United States
3296,"Portland, ON",37,Canada
8473,"Portland, PA",216,United States
1658,"Portland, VIC",14,Australia
7511,"Waterville Valley, NH",216,United States
6154,"Waterville, ME",216,United States
6485,"Waterville, MN",216,United States
10006,"Waterville, WA",216,United States
6168,"Mount Desert Island, ME",216,United States
3641,"Mount Washington, BC",37,Canada
3300,"Mount Julian, ON",37,Canada
3411,"Mount Brydges, ON",37,Canada
3495,"Mount Forest, ON",37,Canada
7164,"Rocky Mount, NC",216,United States
5302,"Mount Carroll, IL",216,United States
7665,"Mount Morris, NY",216,United States
8440,"Mount Jewett, PA",216,United States
5777,"Mount Vernon, KY",216,United States
6175,"Bangor, ME",216,United States
628,"Augusta, GA",216,United States
4221,"Augusta, AR",216,United States
5819,"Augusta, KY",216,United States
6182,"Augusta, ME",216,United States
7040,"Augusta, MT",216,United States
3835,"Augusta, NJ",216,United States
1923,"Augusta, WA",14,Australia
8724,"North Augusta, SC",216,United States
1788,"Port Augusta, SA",14,Australia
826,"Twin Cities, MN",216,United States
2571,"Twin Waters, QLD",14,Australia
2914,"Twin Butte, AB",37,Canada
4681,"Twin City, GA",216,United States
673,"Twin Falls, ID",216,United States
7067,"Twin Bridges, MT",216,United States
6614,"Mankato, MN",216,United States
5644,"Mankato, KS",216,United States
1003,"Rochester, New York, NY",216,United States
7550,"Rochester, NH",216,United States
5526,"Rochester, IN",216,United States
829,"Rochester, MN",216,United States
1479,"Rochester, VIC",14,Australia
832,"Duluth, MN",216,United States
6677,"Brainerd, MN",216,United States
853,"Joplin, MO",216,United States
844,"St. Louis, MO",216,United States
5147,"East St Louis, IL",216,United States
583,"St Augustine, FL",216,United States
3718,St Andrews,215,United Kingdom
3168,"St Peter's, NS",37,Canada
3541,"St Marys, ON",37,Canada
2794,"St Paul, AB",37,Canada
3481,"St Catharines, ON",37,Canada
3407,"St Clair, ON",37,Canada
3193,"St John's, NL",37,Canada
5665,"Independence, KS",216,United States
10302,"Independence, WI",216,United States
1114,"Columbia, SC",216,United States
859,"Columbia, MO",216,United States
2963,"Columbia-Shuswap, BC",37,Canada
5785,"Columbia, KY",216,United States
7212,"Columbia, NC",216,United States
3772,"Columbia, NJ",216,United States
9006,"Columbia, TN",216,United States
7869,"Columbia, CA",216,United States
5140,"Columbia, IL",216,United States
256,"Metro Vancouver, BC",37,Canada
5947,"St Joseph, LA",216,United States
6329,"St Joseph, MI",216,United States
838,"St Joseph, MO",216,United States
9019,"St Joseph, TN",216,United States
4366,"Joseph City, AZ",216,United States
8404,"Joseph, OR",216,United States
844,"St. Louis, MO",216,United States
583,"St Augustine, FL",216,United States
3718,St Andrews,215,United Kingdom
3168,"St Peter's, NS",37,Canada
841,"Branson, MO",216,United States
6765,"Sedalia, MO",216,United States
6801,"Osage Beach, MO",216,United States
4757,"Osage, IA",216,United States
1120,"Myrtle Beach, SC",216,United States
10924,"Long Beach, CA",216,United States
598,"Daytona Beach, FL",216,United States
2521,"Main Beach, QLD",14,Australia
2536,"Palm Beach, QLD",14,Australia
2525,"Gold Coast - Main Beach, QLD",14,Australia
2544,"Mermaid Beach, QLD",14,Australia
1531,"Balnarring Beach, VIC",14,Australia
6143,"Farmington, ME",216,United States
6849,"Farmington, MO",216,United States
7600,"Farmington, NM",216,United States
8483,"Farmington, PA",216,United States
6871,"Cape Girardeau, MO",216,United States
64,Cape Town,189,South Africa
775,"Cape Cod, MA",216,United States
172,Garden Route,189,South Africa
8370,"Cannon Beach/Arch Cape, OR",216,United States
8883,"Cape May, NJ",216,United States
8904,"Cape May Ct Hse, NJ",216,United States
7746,"Cape Vincent, NY",216,United States
8910,"Cape May Court House, NJ",216,United States
1747,"Cape Jervis, SA",14,Australia
6901,"Tupelo, MS",216,United States
862,"Jackson, MS",216,United States
808,"Jackson, MI",216,United States
7994,"Jackson, CA",216,United States
8580,"Jackson Center, PA",216,United States
4062,"Jackson, AL",216,United States
8847,"Jackson, NJ",216,United States
7517,"Jackson, NH",216,United States
8121,"Jackson, OH",216,United States
5866,"Jackson, KY",216,United States
4638,"Jackson, GA",216,United States
865,"Gulfport, MS",216,United States
871,"Hattiesburg, MS",216,United States
6894,"Vicksburg, MS",216,United States
6908,"Starkville, MS",216,United States
3278,"Oxford Mills, ON",37,Canada
6922,"Oxford, MS",216,United States
6078,"Oxford, MD",216,United States
3985,"Oxford, NJ",216,United States
7466,"Oxford, NE",216,United States
7257,"Oxford, NC",216,United States
10086,"Oxford, WI",216,United States
4946,"Oxford Junction, IA",216,United States
4177,"Oxford, AL",216,United States
6936,"Meridian, MS",216,United States
9385,"Meridian, TX",216,United States
877,"Great Falls, MT",216,United States
1724,"Great Western, VIC",14,Australia
6049,"Great Barrington, MA",216,United States
3789,"Great Meadows, NJ",216,United States
5727,"Great Bend, KS",216,United States
8491,"Great Bend, PA",216,United States
9805,"Bellows Falls, VT",216,United States
10335,"Black River Falls, WI",216,United States
3212,"Burk's Falls, ON",37,Canada
1415,"Falls Creek, VIC",14,Australia
880,"Billings, MT",216,United States
883,"Bozeman, MT",216,United States
886,"Missoula, MT",216,United States
4255,"Helena-West Helena, AR",216,United States
889,"Helena, MT",216,United States
10837,"Saint Helena, CA",216,United States
892,"Butte, MT",216,United States
10131,"Butternut, WI",216,United States
2923,"Picture Butte, AB",37,Canada
3055,"Lone Butte, BC",37,Canada
2914,"Twin Butte, AB",37,Canada
4477,"Crested Butte, CO",216,United States
7593,"Elephant Butte, NM",216,United States
9360,"Study Butte-Terlingua, TX",216,United States
895,"Kalispell, MT",216,United States
2973,"Grand Forks, BC",37,Canada
925,"Grand Forks, ND",216,United States
6633,"East Grand Forks, MN",216,United States
9886,"Forks, WA",216,United States
817,"Grand Rapids, MI",216,United States
3664,"Grand Marais, MB",37,Canada
3394,"Grand Bend, ON",37,Canada
3453,"Grand Valley, ON",37,Canada
3533,"East Luther Grand Valley, ON",37,Canada
9996,"Grand Coulee, WA",216,United States
931,"Fargo, ND",216,United States
934,"Minot, ND",216,United States
937,"Bismarck, ND",216,United States
943,"Lincoln, NE",216,United States
3445,"Lincoln, ON",37,Canada
4157,"Lincoln, AL",216,United States
8312,"Lincoln City, OR",216,United States
5699,"Lincoln, KS",216,United States
6163,"Lincoln, ME",216,United States
6246,"Lincoln, MI",216,United States
7037,"Lincoln, MT",216,United States
7556,"Lincoln, NH",216,United States
9388,"Lincoln, TX",216,United States
946,"Omaha, NE",216,United States
4260,"Omaha, AR",216,United States
9099,"Omaha, TX",216,United States
7395,"Kearney, NE",216,United States
2722,"Kearneys Spring, QLD",14,Australia
7412,"Grand Island, NE",216,United States
1000,"Long Island, NY",216,United States
817,"Grand Rapids, MI",216,United States
2973,"Grand Forks, BC",37,Canada
3664,"Grand Marais, MB",37,Canada
3394,"Grand Bend, ON",37,Canada
3453,"Grand Valley, ON",37,Canada
3533,"East Luther Grand Valley, ON",37,Canada
9996,"Grand Coulee, WA",216,United States
925,"Grand Forks, ND",216,United States
1228,"Hampton Roads, VA",216,United States
4308,"Hampton, AR",216,United States
5267,"Hampton, IL",216,United States
4898,"Hampton, IA",216,United States
8707,"Hampton, SC",216,United States
3998,"Hampton, NJ",216,United States
7504,"Hampton, NH",216,United States
4902,"New Hampton, IA",216,United States
7545,"New Hampton, NH",216,United States
7555,"Portsmouth, NH",216,United States
8068,"Portsmouth, OH",216,United States
961,"Las Cruces, NM",216,United States
63,Metro Manila,162,Philippines
282,"Las Vegas, NV",216,United States
4500,"Las Animas, CO",216,United States
7588,"Las Vegas, NM",216,United States
964,"Albuquerque, NM",216,United States
970,"Santa Fe, NM",216,United States
511,"Santa Maria, CA",216,United States
526,"Santa Barbara, CA",216,United States
10977,"Santa Monica, CA",216,United States
10963,"Santa Clarita, CA",216,United States
9186,"Santa Anna, TX",216,United States
10821,"Santa Clara, CA",216,United States
5358,"Santa Claus, IN",216,United States
7570,"Santa Rosa, NM",216,United States
10877,"Santa Rosa, CA",216,United States
7572,"Taos, NM",216,United States
7596,"Gallup, NM",216,United States
7604,"Clovis, NM",216,United States
1015,"Dayton, OH",216,United States
10479,"Dayton, WY",216,United States
8637,"Dayton, PA",216,United States
3997,"Dayton, NJ",216,United States
10622,"Dayton, OR",216,United States
9047,"Dayton, TN",216,United States
9970,"Dayton, WA",216,United States
598,"Daytona Beach, FL",216,United States
1018,"Youngstown, OH",216,United States
1024,"Mansfield, OH",216,United States
1462,"Mansfield, VIC",14,Australia
8639,"Mansfield, PA",216,United States
6795,"Mansfield, MO",216,United States
11036,"Mansfield, TX",216,United States
5931,"Mansfield, LA",216,United States
9366,"Port Mansfield, TX",216,United States
8096,"West Mansfield, OH",216,United States
1027,"Canton, OH",216,United States
6457,"Canton, MN",216,United States
6803,"Canton, MO",216,United States
7759,"Canton, NY",216,United States
8290,"Canton, OK",216,United States
5588,"Canton, KS",216,United States
8545,"Canton, PA",216,United States
9128,"Canton, TX",216,United States
5206,"New Canton, IL",216,United States
1030,"Cincinnati, OH",216,United States
1033,"Cleveland, OH",216,United States
6923,"Cleveland, MS",216,United States
9341,"Cleveland, TX",216,United States
7224,"Cleveland, NC",216,United States
1039,"Lima, OH",216,United States
7677,"Lima, NY",216,United States
1042,"Toledo, OH",216,United States
8415,"Toledo, OR",216,United States
4832,"Toledo, IA",216,United States
9925,"Toledo, WA",216,United States
8019,"Zanesville, OH",216,United States
3450,"Huron East, ON",37,Canada
8756,"Huron, SD",216,United States
7899,"Huron, CA",216,United States
3542,"South Huron, ON",37,Canada
3461,"North Huron, ON",37,Canada
3482,"Central Huron, ON",37,Canada
6356,"Port Huron, MI",216,United States
8052,"Sandusky/Huron, OH",216,United States
1773,"Marion Bay, SA",14,Australia
5254,"Marion, IL",216,United States
5458,"Marion, IN",216,United States
10760,"Marion, TX",216,United States
9726,"Marion, VA",216,United States
10216,"Marion, WI",216,United States
5799,"Marion, KY",216,United States
8084,"Marion, OH",216,United States
7229,"Marion, NC",216,United States
6252,"Marion, MI",216,United States
8119,"Findlay, OH",216,United States
9592,"Chillicothe, TX",216,United States
6743,"Chillicothe, MO",216,United States
8145,"Chillicothe, OH",216,United States
1045,"Tulsa, OK",216,United States
1051,OK City,216,United States
8182,"Boise City, OK",216,United States
8289,"Ponca City, OK",216,United States
8262,"Elmore City, OK",216,United States
8272,"Elk City, OK",216,United States
1045,"Tulsa, OK",216,United States
8241,"Ada, OK",216,United States
8242,"Afton, OK",216,United States
8231,"Altus, OK",216,United States
8232,"Alva, OK",216,United States
1054,"Lawton, OK",216,United States
8505,"Lawton, PA",216,United States
8181,"Enid, OK",216,United States
8210,"Bartlesville, OK",216,United States
8279,"Stillwater, OK",216,United States
8309,"Muskogee, OK",216,United States
1096,"Providence, RI",216,United States
3376,"Providence Bay, ON",37,Canada
5816,"Providence, KY",216,United States
5868,"Lake Providence, LA",216,United States
1105,"Charleston, SC",216,United States
1276,"Charleston, WV",216,United States
9082,"Charleston, TN",216,United States
5253,"Charleston, IL",216,United States
6937,"Charleston, MS",216,United States
6755,"Charleston, MO",216,United States
8319,"Charleston, OR",216,United States
1105,"Charleston, SC",216,United States
1276,"Charleston, WV",216,United States
9082,"Charleston, TN",216,United States
5253,"Charleston, IL",216,United States
6937,"Charleston, MS",216,United States
6755,"Charleston, MO",216,United States
8319,"Charleston, OR",216,United States
256,"Metro Vancouver, BC",37,Canada
303,"Charlotte, NC",216,United States
904,"Piedmont Triad, NC",216,United States
1126,"Sioux Falls, SD",216,United States
3370,"Sioux Lookout, ON",37,Canada
649,"Sioux City, IA",216,United States
4788,"Sioux Rapids, IA",216,United States
4801,"Sioux Center, IA",216,United States
9805,"Bellows Falls, VT",216,United States
10335,"Black River Falls, WI",216,United States
3212,"Burk's Falls, ON",37,Canada
1415,"Falls Creek, VIC",14,Australia
3281,"Smiths Falls, ON",37,Canada
1144,"Memphis, TN",216,United States
6276,"Memphis, MI",216,United States
6735,"Memphis, MO",216,United States
9451,"Memphis, TX",216,United States
5377,"Memphis, IN",216,United States
1138,"Nashville, TN",216,United States
5180,"Nashville, IL",216,United States
4289,"Nashville, AR",216,United States
1153,"Knoxville, TN",216,United States
1141,"Chattanooga, TN",216,United States
1150,"Clarksville, TN",216,United States
4302,"Clarksville, AR",216,United States
6719,"Clarksville, MO",216,United States
9731,"Clarksville, VA",216,United States
9373,"Clarksville, TX",216,United States
7188,"Murfreesboro, NC",216,United States
4297,"Murfreesboro, AR",216,United States
1213,"Salt Lake City, UT",216,United States
6503,"Lake City, MN",216,United States
6266,"Lake City, MI",216,United States
4796,"Lake City, IA",216,United States
4399,"Lake Havasu City, AZ",216,United States
4513,"Lake City, CO",216,United States
4575,"Lake City, FL",216,United States
3627,"Salt Spring Island, BC",37,Canada
9223,"Salt Flat, TX",216,United States
5800,"Salt Lick, KY",216,United States
7306,"Valley City, ND",216,United States
10360,"Paden City, WV",216,United States
6868,"South West City, MO",216,United States
1006,"Hudson Valley, NY",216,United States
6537,"Browns Valley, MN",216,United States
7681,"Cherry Valley, NY",216,United States
8318,"Christmas Valley, OR",216,United States
6183,"Carrabassett Valley, ME",216,United States
10786,"Castro Valley, CA",216,United States
7903,"Bear Valley, CA",216,United States
2862,"Provost, AB",37,Canada
3608,"Jordan River, BC",37,Canada
3443,"Jordan Station, ON",37,Canada
3427,"Jordan, ON",37,Canada
7055,"Jordan, MT",216,United States
8411,"Jordan Valley, OR",216,United States
6383,"East Jordan, MI",216,United States
256,"Metro Vancouver, BC",37,Canada
330,West Midlands,215,United Kingdom
328,South West England,215,United Kingdom
331,West Yorkshire,215,United Kingdom
1228,"Hampton Roads, VA",216,United States
1219,"Richmond, VA",216,United States
11176,"Fairfax County, VA",216,United States
11174,"Alexandria, VA",216,United States
11175,"Arlington County, VA",216,United States
1276,"Charleston, WV",216,United States
1234,"Charlottesville, VA",216,United States
1285,"Morgantown, WV",216,United States
11178,"Prince William County, VA",216,United States
1225,"Roanoke, VA",216,United States
7387,"Norfolk, NE",216,United States
10500,"Norfolk, CT",216,United States
6087,"Chesapeake City, MD",216,United States
8111,"Chesapeake, OH",216,United States
6197,"Newport, ME",216,United States
7114,"Newport, NC",216,United States
10037,"Newport, WA",216,United States
9799,"Newport, VT",216,United States
4281,"Newport, AR",216,United States
7535,"Newport, NH",216,United States
8869,"Newport, NJ",216,United States
9070,"Newport, TN",216,United States
8417,"Newport, OR",216,United States
1267,"Milwaukee, WI",216,United States
1264,"Madison, WI",216,United States
5397,"Madison, IN",216,United States
4577,"Madison, FL",216,United States
3846,"Madison, NJ",216,United States
6512,"Madison, MN",216,United States
6819,"Madison, MO",216,United States
8800,"Madison, SD",216,United States
5828,"Madisonville, KY",216,United States
9009,"Madisonville, TN",216,United States
9463,"Madisonville, TX",216,United States
1273,"Green Bay, WI",216,United States
604,"Tampa Bay, FL",216,United States
487,"Monterey Bay, CA",216,United States
433,"Mobile Bay, AL",216,United States
2545,"Runaway Bay, QLD",14,Australia
7758,"Alexandria Bay, NY",216,United States
9888,"Clallam Bay, WA",216,United States
10856,"Bodega Bay, CA",216,United States
9165,"Bay City, TX",216,United States
8835,"Bay Head, NJ",216,United States
3959,"Jersey City, NJ",216,United States
8839,"Atlantic City, NJ",216,United States
8872,"Ocean City, NJ",216,United States
8908,"Margate City, NJ",216,United States
8848,"Sea Isle City, NJ",216,United States
8909,"Surf City, NJ",216,United States
8877,"Egg Harbor City, NJ",216,United States
10722,"Gloucester City, NJ",216,United States
3947,"Union City, NJ",216,United States
8891,"Ventnor City, NJ",216,United States
3816,"Paterson, NJ",216,United States
1393,"Cape Paterson, VIC",14,Australia
10374,"Elizabeth, WV",216,United States
5203,"Elizabeth, IL",216,United States
7141,"Elizabeth City, NC",216,United States
3990,"Elizabeth, NJ",216,United States
3259,"Elizabethtown-Kitley, ON",37,Canada
5735,"Elizabethtown, KY",216,United States
7708,"Elizabethtown, NY",216,United States
7107,"Elizabethtown, NC",216,United States
9828,"Rutland, VT",216,United States
